{	
	"x_team_l" :{
"-0.0": -0.490000000000002,
 "0.0": -0.490000000000002,
 "0.1": -0.489048792153298,
 "0.2": -0.48877516723656456,
 "0.3": -0.4887099036774032,
 "0.4": -0.4869551653602713,
 "0.5": -0.4756253090444851,
 "0.6": -0.4738566789026173,
 "0.7": -0.47334702680015184,
 "0.8": -0.4722540835083322,
 "0.9": -0.4681905629248959,
 "1.0": -0.465122461284718,
 "1.1": -0.46254042358579994,
 "1.2": -0.46024125140323946,
 "1.3": -0.4566542888527749,
 "1.4": -0.4556509897357408,
 "1.5": -0.4507246149345221,
 "1.6": -0.4489807784021309,
 "1.7": -0.43867411314433524,
 "1.8": -0.43740164568039375,
 "1.9": -0.4191742145702544,
 "2.0": -0.4130114427888425,
 "2.1": -0.41156114188340664,
 "2.2": -0.3901761051857049,
 "2.3": -0.3790144394771893,
 "2.4": -0.35842522926576975,
 "2.5": -0.3472864437977901,
 "2.6": -0.3365488595490403,
 "2.7": -0.3201442870429801,
 "2.8": -0.3113730169312753,
 "2.9": -0.3100202386528338,
 "3.0": -0.30911123404268326,
 "3.1": -0.20910521012029476,
 "3.2": -0.206172723860486,
 "3.3": -0.20528832379319012,
 "3.4": -0.20199549250276333,
 "3.5": -0.19654371319506153,
 "3.6": -0.19631727397294724,
 "3.7": -0.1947397058206761,
 "3.8": -0.19260749431278085,
 "3.9": -0.18483151703849218,
 "4.0": -0.18232192496511174,
 "4.1": -0.06476458562680847,
 "4.2": -0.06054137501333017,
 "4.3": -0.05747715340277963,
 "4.4": -0.05389303169865727,
 "4.5": -0.0522597346054468,
 "4.6": -0.04887207113374075,
 "4.7": -0.0481744743065498,
 "4.8": -0.0422459778241205,
 "4.9": -0.03978845209406217,
 "5.0": -0.02775629969154707,
 "5.1": -0.027260764860128,
 "5.2": -0.0242916556969355,
 "5.3": -0.02300392872660666,
 "5.4": -0.0207996621936644,
 "5.5": -0.00970055446833555,
 "5.6": -0.00609486377491635,
 "5.7": -0.0047419048350335,
 "5.8": -0.0021868555323832,
 "5.9": -0.0019916658418298,
 "6.0": -0.0009386630021079,
 "6.1": -0.00053761980274095,
 "6.2": -0.0005215319216666,
 "6.3": -3e-05,
 "6.4": -3e-05,
 "6.5": -2e-06,
 "6.6": -2e-06,
 "6.7": -2e-06,
 "6.8": -2e-06,
 "6.9": -2e-06,
 "7.0": -2e-06,
 "7.1": -1e-08,
 "7.2": -1e-08,
 "7.3": -1e-08,
 "7.4": -1e-08,
 "7.5": 0.0,
 "7.6": 0.0,
 "7.7": 1e-08,
 "7.8": 1e-08,
 "7.9": 1e-08,
 "8.0": 2e-06,
 "8.1": 2e-06,
 "8.2": 2e-06,
 "8.3": 2e-06,
 "8.4": 2e-06,
 "8.5": 2e-06,
 "8.6": 3e-05,
 "8.7": 3e-05,
 "8.8": 0.0009386630021079,
 "8.9": 0.0005215319216666,
 "9.0": 0.00053761980274095,
 "9.1": 0.0019916658418298,
 "9.2": 0.0021868555323832,
 "9.3": 0.0047419048350335,
 "9.4": 0.00609486377491635,
 "9.5": 0.00970055446833555,
 "9.6": 0.0207996621936644,
 "9.7": 0.02300392872660666,
 "9.8": 0.0242916556969355,
 "9.9": 0.027260764860128,
 "10.0": 0.02775629969154707,
 "10.1": 0.03978845209406217,
 "10.2": 0.0422459778241205,
 "10.3": 0.0481744743065498,
 "10.4": 0.04887207113374075,
 "10.5": 0.0522597346054468,
 "10.6": 0.05389303169865727,
 "10.7": 0.05747715340277963,
 "10.8": 0.06054137501333017,
 "10.9": 0.06476458562680847,
 "11.0": 0.18232192496511174,
 "11.1": 0.18483151703849218,
 "11.2": 0.19260749431278085,
 "11.3": 0.1947397058206761,
 "11.4": 0.19631727397294724,
 "11.5": 0.19654371319506153,
 "11.6": 0.20199549250276333,
 "11.7": 0.20528832379319012,
 "11.8": 0.206172723860486,
 "11.9": 0.20910521012029476,
 "12.0": 0.30911123404268326,
 "12.1": 0.3100202386528338,
 "12.2": 0.3113730169312753,
 "12.3": 0.3201442870429801,
 "12.4": 0.3365488595490403,
 "12.5": 0.3472864437977901,
 "12.6": 0.35842522926576975,
 "12.7": 0.3790144394771893,
 "12.8": 0.3901761051857049,
 "12.9": 0.41156114188340664,
 "13.0": 0.4130114427888425,
 "13.1": 0.4191742145702544,
 "13.2": 0.43740164568039375,
 "13.3": 0.43867411314433524,
 "13.4": 0.4489807784021309,
 "13.5": 0.4507246149345221,
 "13.6": 0.4556509897357408,
 "13.7": 0.4566542888527749,
 "13.8": 0.46024125140323946,
 "13.9": 0.46254042358579994,
 "14.0": 0.465122461284718,
 "14.1": 0.4681905629248959,
 "14.2": 0.4722540835083322,
 "14.3": 0.47334702680015184,
 "14.4": 0.4738566789026173,
 "14.5": 0.4756253090444851,
 "14.6": 0.4869551653602713,
 "14.7": 0.4887099036774032,
 "14.8": 0.48877516723656456,
 "14.9": 0.489048792153298,
 "15.0": 0.490000000000002},

	"x_team_r" :{
 "15.0": -1e-08,
 "14.9": -1e-08,
 "14.8": -1e-08,
 "14.7": -1e-08,
 "14.6": -1e-08,
 "14.5": -2e-06,
 "14.4": -2e-06,
 "14.3": -2e-06,
 "14.2": -2e-06,
 "14.1": -2e-06,
 "14.0": -2e-06,
 "13.9": -3e-05,
 "13.8": -3e-05,
 "13.7": -0.0005215319216666,
 "13.6": -0.00053761980274095,
 "13.5": -0.0009386630021079,
 "13.4": -0.0019916658418298,
 "13.3": -0.0021868555323832,
 "13.2": -0.0047419048350335,
 "13.1": -0.00609486377491635,
 "13.0": -0.00970055446833555,
 "12.9": -0.0207996621936644,
 "12.8": -0.02300392872660666,
 "12.7": -0.0242916556969355,
 "12.6": -0.027260764860128,
 "12.5": -0.02775629969154707,
 "12.4": -0.03978845209406217,
 "12.3": -0.0422459778241205,
 "12.2": -0.0481744743065498,
 "12.1": -0.04887207113374075,
 "12.0": -0.0522597346054468,
 "11.9": -0.05389303169865727,
 "11.8": -0.05747715340277963,
 "11.7": -0.06054137501333017,
 "11.6": -0.06476458562680847,
 "11.5": -0.18232192496511174,
 "11.4": -0.18483151703849218,
 "11.3": -0.19260749431278085,
 "11.2": -0.1947397058206761,
 "11.1": -0.19631727397294724,
 "11.0": -0.19654371319506153,
 "10.9": -0.20199549250276333,
 "10.8": -0.20528832379319012,
 "10.7": -0.206172723860486,
 "10.6": -0.20910521012029476,
 "10.5": -0.30911123404268326,
 "10.4": -0.3100202386528338,
 "10.3": -0.3113730169312753,
 "10.2": -0.3201442870429801,
 "10.1": -0.3365488595490403,
 "10.0": -0.3472864437977901,
 "9.9": -0.35842522926576975,
 "9.8": -0.3790144394771893,
 "9.7": -0.3901761051857049,
 "9.6": -0.41156114188340664,
 "9.5": -0.4130114427888425,
 "9.4": -0.4191742145702544,
 "9.3": -0.43740164568039375,
 "9.2": -0.43867411314433524,
 "9.1": -0.4489807784021309,
 "9.0": -0.4507246149345221,
 "8.9": -0.4556509897357408,
 "8.8": -0.4566542888527749,
 "8.7": -0.46024125140323946,
 "8.6": -0.46254042358579994,
 "8.5": -0.465122461284718,
 "8.4": -0.4681905629248959,
 "8.3": -0.4722540835083322,
 "8.2": -0.47334702680015184,
 "8.1": -0.4738566789026173,
 "8.0": -0.4756253090444851,
 "7.9": -0.4869551653602713,
 "7.8": -0.4887099036774032,
 "7.7": -0.48877516723656456,
 "7.6": -0.489048792153298,
 "7.5": 0.0,
 "7.4": 0.0,
 "7.3": 1e-08,
 "7.2": 1e-08,
 "7.1": 1e-08,
 "7.0": 2e-06,
 "6.9": 2e-06,
 "6.8": 2e-06,
 "6.7": 2e-06,
 "6.6": 2e-06,
 "6.5": 3e-05,
 "6.4": 3e-05,
 "6.3": 0.0009386630021079,
 "6.2": 0.0005215319216666,
 "6.1": 0.00053761980274095,
 "6.0": 0.0019916658418298,
 "5.9": 0.0021868555323832,
 "5.8": 0.0047419048350335,
 "5.7": 0.00609486377491635,
 "5.6": 0.00970055446833555,
 "5.5": 0.0207996621936644,
 "5.4": 0.02300392872660666,
 "5.3": 0.0242916556969355,
 "5.2": 0.027260764860128,
 "5.1": 0.02775629969154707,
 "5.0": 0.03978845209406217,
 "4.9": 0.0422459778241205,
 "4.8": 0.0481744743065498,
 "4.7": 0.04887207113374075,
 "4.6": 0.0522597346054468,
 "4.5": 0.05389303169865727,
 "4.4": 0.05747715340277963,
 "4.3": 0.06054137501333017,
 "4.2": 0.06476458562680847,
 "4.1": 0.18232192496511174,
 "4.0": 0.18483151703849218,
 "3.9": 0.19260749431278085,
 "3.8": 0.1947397058206761,
 "3.7": 0.19631727397294724,
 "3.6": 0.19654371319506153,
 "3.5": 0.20199549250276333,
 "3.4": 0.20528832379319012,
 "3.3": 0.206172723860486,
 "3.2": 0.20910521012029476,
 "3.1": 0.30911123404268326,
 "3.0": 0.3100202386528338,
 "2.9": 0.3113730169312753,
 "2.8": 0.3201442870429801,
 "2.7": 0.3365488595490403,
 "2.6": 0.3472864437977901,
 "2.5": 0.35842522926576975,
 "2.4": 0.3790144394771893,
 "2.3": 0.3901761051857049,
 "2.2": 0.41156114188340664,
 "2.1": 0.4130114427888425,
 "2.0": 0.4191742145702544,
 "1.9": 0.43740164568039375,
 "1.8": 0.43867411314433524,